Software,
,,,,,,,,,,,,,,Yr. to Yr.,
,,,,,,,,,,,,,,Percent,
,,,,,,,,,,,Yr. to Yr.,,Change ,
(Dollars in millions),,,,,,Percent,,Adjusted For ,
For the three months ended September 30:,,2013,,2012,,Change,,Currency,
Software   external revenue:,,$,"5,798",,$,"5,763",,0.6,%,1.7,%
,Middleware:   ,,$,"4,745",,$,"4,696",,,1.1,%,2.1,%
,,Key   branded middleware:,,,"3,725",,,"3,626",,,2.7,,3.8,
,,,WebSphere   Family,,,,,,,,,0.5,,1.4,
,,,Information   Management,,,,,,,,,1.6,,2.6,
,,,Social   Workforce Solutions*,,,,,,,,,14.1,,15.4,
,,,Tivoli,,,,,,,,,1.9,,3.0,
,,,Rational,,,,,,,,,12.1,,13.6,
,,Other   middleware,,,"1,021",,,"1,070",,,(4.6),,(3.5),
,Operating   systems,,,576,,,597,,,(3.5),,(2.2),
,Other,,,476,,,470,,,1.4,,2.4,
,,,,,,,,,,,,,,,
* Formerly Lotus,,,,,,,,,,,,
,,,,,,,,,,,,,,Yr. to Yr.,,
,,,,,,,,,,,,,,Percent,,
,,,,,,,,,,,Yr. to Yr.,,Change ,,
(Dollars in millions),,,,,,Percent,,Adjusted For ,,
For the nine months ended September 30:,,2013,,2012,,Change,,Currency,,
Software   external revenue:,,$,"17,792",,$,"17,533",,,1.5,%,2.6,%,
,Middleware:   ,,$,"14,613",,$,"14,280",,,2.3,%,3.4,%,
,,Key   branded middleware:,,,"11,530",,,"11,038",,,4.5,,5.5,,
,,,WebSphere   Family,,,,,,,,,5.2,,6.1,,
,,,Information   Management,,,,,,,,,1.8,,2.8,,
,,,Social   Workforce Solutions*,,,,,,,,,14.7,,16.0,,
,,,Tivoli,,,,,,,,,5.7,,6.8,,
,,,Rational,,,,,,,,,7.6,,8.9,,
,,Other   middleware,,,"3,083",,,"3,242",,,(4.9),,(3.8),,
,Operating   systems,,,"1,760",,,"1,816",,,(3.1),,(1.8),,
,Other,,,"1,419",,,"1,438",,,(1.3),,(0.4),,
,,,,,,,,,,,,,,,,
* Formerly Lotus,,,,,,,,,,,,,
,,,,,,,,,,,,,,,,,,,,,,,,,
