(Dollarsinmillions),,,,,,,,,,,,,
"At September 30, 2013",,,Level 1,,,Level 2,,,Level 3,,,Total,
Assets:,,,,,,,,,,,,,
,Cash   equivalents(1),,,,,,,,,,,,,
,,Time deposits and certificates of deposit ,,$,—,,$,"4,422",,$,—,,$,"4,422",
,,Commercial paper,,,—,,,992,,,—,,,992,
,,Money market funds,,,"1,713",,,—,,,—,,,"1,713",
,,U.S. government securities,,,—,,,800,,,—,,,800,
,,Other securities,,,—,,,10,,,—,,,10,
,Total,,,"1,713",,,"6,225",,,—,,,"7,938",(6)
,Debt   securities - current (2),,,—,,,160,,,,,,160,(6)
,Debt   securities - noncurrent (3),,,1,,,8,,,—,,,9,
,Available-for-sale   equity investments (3) ,,,32,,,—,,,—,,,32,
,Derivative   assets (4),,,,,,,,,,,,,
,,Interest rate contracts,,,—,,,412,,,—,,,412,
,,Foreign exchange contracts,,,—,,,371,,,—,,,371,
,,Equity contracts,,,—,,,9,,,—,,,9,
,Total,,,—,,,793,,,—,,,793,(7)
Total   assets,,$,"1,747",,$,"7,185",,$,—,,$,"8,932",(7)
Liabilities:,,,,,,,,,,,,,
,Derivative   liabilities (5),,,,,,,,,,,,,
,,Foreign exchange contracts,,$,—,,$,575,,$,—,,$,575,
,,Equity contracts,,,—,,,7,,,—,,,7,
Total   liabilities,,$,—,,$,581,,$,—,,$,581,(7)
