,,,,,,,,,,
"Research,   Development and Engineering"
,,,,,,,,,,
,,,,,,,,,Yr. to Yr.,
(Dollars in millions),,,,,,,,Percent,
Forthethree monthsendedSeptember   30:,,2013,,2012,,Change,
"Total   consolidated research, development and   engineering ",,$,"1,468",,$,"1,534",,(4.3),%
Non-operating   adjustment:,,,,,,,,,
   Non-operating retirement-related (costs)/income,,,(14),,,5,,nm,
"Operating   (non-GAAP) research, development and engineering",,$,"1,454",,$,"1,539",,(5.5),%
,,,,,,,,,,
nm - not meaningful,,,,,,,,,
