,,,,,,,,,,,,,Yr. to Yr.,
,,,,,,,,,,,,,Percent,
,,,,,,,,Yr. to Yr.,,Change,
(Dollarsinmillions),,,,,,,,Percent,,Adjusted For,
For the nine months ended September 30:,,2013,,2012,,Change,,Currency,
Global   Services external revenue:,,$,"42,283",,$,"43,798",,,(3.5),%,(0.5),%
,Global   Technology Services,,$,"28,634",,$,"29,952",,,(4.4),%,(1.7),%
,,Outsourcing,,,"16,407",,,"17,445",,,(5.9),,(3.2),
,,Integrated   Technology Services,,,"6,917",,,"7,007",,,(1.3),,1.4,
,,Maintenance,,,"5,311",,,"5,500",,,(3.4),,(1.1),
,Global   Business Services,,$,"13,649",,$,"13,846",,,(1.4),%,2.1,%
,,Outsourcing,,,"3,089",,,"3,130",,,(1.3),,2.8,
,,Consulting   and Systems Integration,,,"10,560",,,"10,716",,,(1.5),,1.8,
,,,,,,,,,,,,,,
