,,,Liability,,,,,,,,Liability
,,,as of,,,,,Other,,as of
(Dollarsinmillions),,01/01/13,,Payments,,Adjustments*,,9/30/2013
Current:,,,,,,,,,,,,
,Workforce,,$,28,,$,(22),,$,25,,$,31
,Space,,,2,,,(1),,,(1),,,0
Total   current,,$,30,,$,(23),,$,24,,$,31
Noncurrent:,,,,,,,,,,,,
,Workforce,,$,430,,$,—,,$,1,,$,430
,Space,,,0,,,—,,,0,,,0
Total   noncurrent,,$,430,,$,—,,$,1,,$,430
,,,,,,,,,,,,,
"* Principally includes the reclassification of   noncurrent to current, foreign currency translation adjustments and interest   accretion. "
