,,,,,,,,,,,,
,,,,,,,,,,Yr. to Yr.,
,,,,,,,,,,Percent/,
(Dollarsinmillionsexceptpershareamounts),,,,,,,,,Margin,
For the three months ended September 30:,,2013,,,2012,,Change,
Revenue,,$,"23,720",,,$,"24,747",,,(4.1),%*
Gross   profit margin,,,48.0,%,,,47.4,%,,0.6,pts.
Total   expense and other income,,$,"6,567",,,$,"6,657",,,(1.4),%
Total   expense and other income to revenue ratio,,,27.7,%,,,26.9,%,,0.8,pts.
Provision   for income taxes,,$,772,,,$,"1,251",,,(38.3),%
Net   income ,,$,"4,041",,,$,"3,824",,,5.7,%
Net   income margin ,,,17.0,%,,,15.5,%,,1.6,pts.
Earnings   per share:,,,,,,,,,,,
,Assuming   dilution,,$,3.68,,,$,3.33,,,10.5,%
,Basic,,$,3.70,,,$,3.36,,,10.1,%
Weighted-average   shares outstanding:,,,,,,,,,,,
,Assuming   dilution,,,"1,098.8",,,,"1,149.3",,,(4.4),%
,Basic,,,"1,090.9",,,,"1,137.2",,,(4.1),%
,,,,,,,,,,,,
* 1.6 percent decrease adjusted for currency
,,,,,,,,,,,,
