,,,,,,,,,,,,,,,,,,,,,
,,,Gain (Loss) Recognized in   Earnings and Other Comprehensive Income
,,,,,,Consolidated,,,,,,,,(Ineffectiveness) and
,,,Effective Portion,,Statement of,,Effective Portion   Reclassified,,Amounts Excluded from
,,,Recognized in OCI,,EarningsLineItem,,from AOCI ,,Effectiveness Testing(3)
For the three months ,,,,,,,,,,,,,,,,
,ended September 30:,,2013,,2012,,,,2013,,2012,,2013,,2012
Derivative instruments,,,,,,,,,,,,,,,,,,,,
,in cash flow hedges:,,,,,,,,,,,,,,,,,,,,
Interest   rate contracts,,$,—,,$,—,,Interest   expense,,$,—,,$,(2),,$,—,,$,—
,,,,,,,,,Other   (income) ,,,,,,,,,,,,
Foreign   exchange ,,,(409),,,(54),,and   expense,,,30,,,102,,,0,,,0
,contracts,,,,,,,,Cost   of sales,,,(17),,,6,,,—,,,—
,,,,,,,,,SG&A   expense,,,13,,,5,,,—,,,—
Instruments in net ,,,,,,,,,,,,,,,,,,,,
,investment hedges(4):,,,,,,,,,,,,,,,,,,,,
Foreign   exchange,,,,,,,,,,,,,,,,,,,,
,contracts,,,(223),,,(136),,Interest   expense,,,—,,,—,,,1,,,6
,,,,,,,,,,,,,,,,,,,,,
Total,,$,(632),,$,(190),,,,$,27,,$,112,,$,1,,$,6
,,,,,,,,,,,,,,,,,,,,,
