,,,,,,,,,,,,,Yr. to Yr.,
,,,,,,,,,,,,,Percent,
,,,,,,,,,,Yr. to Yr.,,Change ,
(Dollars in millions),,,,,,Percent,,Adjusted For ,
For the three months ended September 30:,,2013,,2012,,Change,,Currency,
Total   Revenue,,$,"23,720",,$,"24,747",,,(4.1),%,(1.6),%
,Geographies:,,$,"23,186",,$,"24,209",,,(4.2),%,(1.7),%
,,Americas,,,"10,305",,,"10,448",,,(1.4),,(0.2),
,,Europe/Middle   East/Africa (EMEA),,,"7,334",,,"7,238",,,1.3,,(1.6),
,,Asia   Pacific,,,"5,547",,,"6,523",,,(15.0),,(4.2),
,,,,,,,,,,,,,,
,Major   markets,,,,,,,,,(2.7),%,(0.6),%
,Growth   markets,,,,,,,,,(8.8),%,(5.1),%
,,BRIC   countries ,,,,,,,,,(14.8),%,(11.9),%
,,,,,,,,,,,,,Yr. to Yr.,,
,,,,,,,,,,,,,Percent,,
,,,,,,,,,,Yr. to Yr.,,Change ,,
(Dollars in millions),,,,,,Percent,,Adjusted For ,,
For the nine months ended September 30:,,2013,,2012,,Change,,Currency,,
Total   Revenue,,$,"72,052",,$,"75,203",,,(4.2),%,(2.1),%,
,Geographies:,,$,"70,553",,$,"73,644",,,(4.2),%,(2.0),%   ,
,,Americas,,,"31,056",,,"32,006",,,(3.0),,(2.1),,
,,Europe/Middle   East/Africa (EMEA),,,"22,451",,,"22,684",,,(1.0),,(2.2),,
,,Asia   Pacific,,,"17,046",,,"18,953",,,(10.1),,(1.7),,
,,,,,,,,,,,,,,,
,Major   markets,,,,,,,,,(4.5),%,(2.4),%,
,Growth   markets,,,,,,,,,(3.1),%,(0.9),%,
,,BRIC   countries ,,,,,,,,,(5.6),%,(3.2),%,
,,,,,,,,,,,,,,,,,,,,,,,,,,,
